no;y;x1;x2;x3;group
1;7.493932995;0.482878491;0.763509072;0.877796485;1
2;3.007476467;0.113024206;0.9241629;0.972711491;1
3;16.9196073;1.455369647;2.259145796;0.230938797;1
4;-11.81243982;-1.320733434;-1.93153784;0.716692117;1
5;31.21387867;2.842062514;2.435215614;0.32139102;1
6;8.185534999;0.556378075;1.312944694;0.412547628;1
7;12.4340982;0.99792358;1.11019199;0.851359341;1
8;23.6251113;2.062152266;1.394077379;0.867492258;1
9;-7.192055845;-0.949746519;-1.100821809;0.046517643;1
10;-7.752093498;-1.054045746;-1.493425489;0.814869685;1
11;9.978619401;0.686963737;1.3264132;0.894260539;1
12;-23.1667574;-2.555455632;-2.604874809;0.201859313;1
13;-22.83334596;-2.496325;-3.122327216;0.228801928;1
14;-5.63046054;-0.85218983;-0.526296537;0.275363715;1
15;-7.446317984;-0.904783947;-3.102015389;0.004174319;1
16;-10.73249753;-1.315404136;-1.219403984;0.338886443;1
17;-1.392309127;-0.406611838;-1.388248716;0.056791042;1
18;-11.79083663;-1.44005964;-0.906889513;0.274868182;1
19;40.74582054;3.754315547;4.043218089;0.558241753;1
20;-21.34456776;-2.380037173;-3.789799503;0.772540613;1
21;9.59001491;0.749093023;-0.048705411;0.595025918;1
22;-13.62036516;-1.579303347;-2.575009549;0.533796537;1
23;4.230310725;0.163587197;1.966350025;0.793608977;1
24;25.30494761;2.249362122;1.260499084;0.003203925;1
25;-18.67541742;-2.154458345;-2.32159636;0.832704915;1
26;9.12721942;0.676772282;1.632971937;0.371993704;1
27;53.19849508;5.098140259;5.690055679;0.788545489;1
28;-2.158756042;-0.450364069;0.573491667;0.461069453;1
29;-14.91856275;-1.757682753;-1.881378074;0.156836965;1
30;-15.25946043;-1.757274257;-1.785973444;0.235894942;1
31;10.72523536;0.818327505;2.264660904;0.678638859;1
32;6.475186196;0.386416389;-0.001853326;0.595408817;1
33;3.28491553;0.132619532;1.102978357;0.761732474;1
34;-5.273634197;-0.752973754;-0.444780594;0.054625404;1
35;12.47011706;0.875172672;1.203009468;0.796795868;1
36;-43.30833209;-4.641706286;-3.123140416;0.535550883;1
37;-8.950058458;-1.213409359;-1.312051571;0.439120802;1
38;2.217900254;-0.041252361;-0.551910568;0.878404483;1
39;-45.73014036;-4.803840981;-5.670969007;0.732130782;1
40;13.16634723;1.106351888;1.016153863;0.773287027;1
41;22.84362599;2.063533156;1.655137438;0.03350839;1
42;12.39873445;0.982764719;2.066536517;0.866685621;1
43;26.97016325;2.433259212;3.295624751;0.596118149;1
44;-3.665276797;-0.6267908;-2.073895118;0.994590739;1
45;-14.22711863;-1.606089;-0.845960048;0.511058098;1
46;13.94450209;1.164308601;-1.346571147;0.476705464;1
47;-19.72316715;-2.257381774;-3.030589918;0.030789186;1
48;-2.385878881;-0.489743875;-0.640215973;0.866139405;1
49;21.86019323;1.901689501;2.029000958;0.655098624;1
50;5.985899975;0.396835443;0.856018346;0.914946098;1
51;-24.65770139;-2.683621537;-2.669522834;0.62754299;1
52;-14.7313593;-1.704186533;-1.491155207;0.236706257;1
53;3.561756968;0.174390957;-0.173502814;0.789504438;1
54;25.3627991;2.229419485;2.670387029;0.147184484;1
55;-13.22477696;-1.587888391;-2.922606616;0.737041352;1
56;10.2285358;0.735556023;1.317255756;0.336268026;1
57;-10.0424781;-1.303490478;-0.222528634;0.055554788;1
58;32.65919655;3.124906089;2.255617918;0.406607032;1
59;-16.73853797;-1.959492794;-0.660098192;0.029588934;1
60;-18.4581284;-2.027078335;-2.73327295;0.484332118;1
61;-0.800524769;-0.360828633;1.042079894;0.084947913;1
62;22.47568477;1.984607755;2.31527956;0.645096967;1
63;-45.773053;-4.764821114;-5.310573752;0.029757741;1
64;22.07616467;1.90298995;0.662055806;0.368274622;1
65;-4.457794839;-0.723341641;-1.304271249;0.172609553;1
66;-21.59917692;-2.400851369;-2.71291382;0.200542496;1
67;-1.885128126;-0.484477934;-0.934281475;0.115276436;1
68;-2.270678144;-0.495050086;-1.837095842;0.772543055;1
69;-30.72014442;-3.26591511;-2.297042371;0.535406542;1
70;-11.70417973;-1.413825609;-3.289208264;0.815484131;1
71;-9.124154489;-1.123040051;-1.564469776;0.677682174;1
72;-27.98281518;-3.027786267;-3.156657366;0.034163394;1
73;14.53696552;1.191628788;0.527466088;0.078028467;1
74;15.48970492;1.268746087;0.935188944;0.108309457;1
75;22.07943079;1.933570769;0.625683707;0.151910178;1
76;16.90678462;1.489546899;-1.08230391;0.170261264;1
77;2.193733901;0.0091502;-0.795453979;0.180327629;1
78;-18.13196954;-2.162697385;-1.682397321;0.46794043;1
79;20.19381678;1.760969593;3.142305553;0.048518708;1
80;29.34984225;2.715601348;3.977747815;0.881702203;1
81;-34.67869238;-3.627850532;-2.149931839;0.513477945;1
82;-12.48212795;-1.494921969;-3.700120163;0.191930357;1
83;6.733759713;0.474905484;0.449347553;0.09428343;1
84;-13.46415352;-1.611733033;-1.355389996;0.626398945;1
85;2.851647209;0.130334242;1.27870588;0.562514607;1
86;17.87897655;1.49742522;1.075031616;0.987581329;1
87;-14.24417849;-1.697589763;-0.090077327;0.387810181;1
88;13.48674392;1.163713591;1.897415358;0.988549095;1
89;4.751370584;0.310238263;0.133404519;0.223059893;1
90;22.5767321;1.990377183;0.891719645;0.385769854;1
91;-10.07935752;-1.183876211;-0.864313172;0.441592908;1
92;-20.21464731;-2.239438309;0.457083418;0.679954678;1
93;25.71455501;2.395926006;3.968883682;0.691604292;1
94;19.07059686;1.68948669;0.710242667;0.9977765;1
95;-19.09747566;-2.186624827;-2.95899025;0.838280084;1
96;-22.97181281;-2.535411879;-2.546960141;0.690361219;1
97;10.47056976;0.85846594;-0.742446116;0.77346959;1
98;7.197548281;0.540339371;0.373386988;0.952867053;1
99;8.594192291;0.687803715;0.712639619;0.283932145;1
100;13.5556354;0.976054647;1.465253956;0.642027332;1
101;31.72758314;2.835936983;1.615754497;0.927032354;2
102;-30.65304504;-3.254283025;-3.034522749;0.998725914;2
103;-0.873549651;-0.403766796;-0.962418333;0.602369576;2
104;-25.912327;-2.905178748;-1.994884306;0.026000171;2
105;7.29548384;0.431570404;-0.282843997;0.380408139;2
106;-21.79128538;-2.403774957;-3.072234523;0.719004391;2
107;-17.90004235;-2.100929431;-0.166398643;0.426982524;2
108;17.96725484;1.448071795;0.380272149;0.606911157;2
109;10.89693937;0.841246394;1.137544005;0.43759296;2
110;12.61901892;0.910488197;1.177921635;0.750309651;2
111;10.50362836;0.720011267;0.556650523;0.495235002;2
112;10.85103848;0.850472547;0.304665472;0.47604385;2
113;8.381375473;0.599033606;1.345081869;0.422548751;2
114;-14.52820556;-1.686581795;0.06570237;0.649403531;2
115;-38.49614508;-4.029177163;-3.80943313;0.656300545;2
116;37.37137222;3.48158094;4.56289284;0.512090655;2
117;-21.33919441;-2.328883688;-1.861245429;0.931785973;2
118;21.98985007;1.916748845;0.413839729;0.364242894;2
119;0.817838887;-0.220596106;0.13959454;0.766103116;2
120;-15.4780639;-1.768484526;-2.290442045;0.040748138;2
121;14.71597425;1.210418332;0.548283241;0.529928344;2
122;49.91981803;4.748428429;4.477615477;0.478541163;2
123;21.35963692;1.887664288;1.424240811;0.189686768;2
124;14.98054278;1.181706522;1.760742599;0.906126036;2
125;6.917662387;0.355826053;-0.792548514;0.791771895;2
126;-2.92169262;-0.516339316;-0.324149011;0.039000328;2
127;-19.77986505;-2.188923709;-2.326195549;0.640542305;2
128;-9.146804097;-1.113522022;-0.162799382;0.748619392;2
129;-15.92465881;-1.873007897;-3.05902399;0.517853553;2
130;-36.42472259;-3.910792479;-4.47487363;0.283132872;2
131;2.222959491;-0.057007644;-0.722121606;0.125351101;2
132;22.58789489;2.058483098;1.003040542;0.671490636;2
133;7.399397294;0.522921553;-0.266931708;0.705808473;2
134;31.24138763;2.851375428;2.686604887;0.544461256;2
135;-15.99283919;-1.946079538;-1.903129485;0.645303593;2
136;-47.67888605;-5.046684547;-4.908297651;0.483251883;2
137;6.531363063;0.384841281;0.057761282;0.724029668;2
138;15.38474456;1.333918438;0.930866988;0.502816606;2
139;28.96762892;2.584702907;4.454434732;0.134289138;2
140;18.04197576;1.532156859;2.336186969;0.445563023;2
141;21.02601731;1.820528263;1.822562719;0.419649405;2
142;8.0728245;0.503225637;-0.471415605;0.031237778;2
143;4.01461804;0.131738912;0.53447122;0.712089462;2
144;-9.030890553;-1.08663809;-2.530060417;0.97703049;2
145;43.19512015;4.122452208;4.124889517;0.303878081;2
146;22.75462335;1.959375564;1.929222955;0.422864938;2
147;20.08360418;1.732092672;2.21752999;0.512760548;2
148;29.10579506;2.618963523;2.725007286;0.20593255;2
149;-15.40951957;-1.770839515;-1.533502273;0.565403932;2
150;6.089329197;0.352906346;0.369485973;0.645472225;2
151;14.65993776;1.178004528;1.393473271;0.137914954;2
152;-0.514469214;-0.321284004;0.130719452;0.697241044;2
153;15.80908063;1.378387997;1.084070517;0.694689614;2
154;25.60462895;2.251982859;1.319692059;0.672840883;2
155;2.788577718;0.050851195;0.127514501;0.593324675;2
156;-3.711821537;-0.594459365;-1.427992663;0.208151225;2
157;23.03950057;2.071331544;0.9393908;0.034074348;2
158;23.03434815;2.086944854;4.103743384;0.962011959;2
159;-10.5083174;-1.318609653;-1.448847273;0.212671891;2
160;16.95971104;1.397288065;-0.179647253;0.779080123;2
161;40.3121204;3.774607325;3.374505998;0.522618866;2
162;29.44825865;2.661144832;3.137704114;0.271014254;2
163;2.878741019;0.111064642;-0.89426643;0.689259244;2
164;-3.101522565;-0.571288723;0.387577364;0.361994442;2
165;30.55229693;2.770926338;2.770508253;0.270233171;2
166;5.803110732;0.386923205;-0.734379028;0.042317131;2
167;-10.467865;-1.268881177;-1.693356538;0.840394651;2
168;-6.74352232;-0.871883903;-2.293984949;0.633240608;2
169;-27.65762963;-3.06789524;-1.963617453;0.11795394;2
170;3.190985306;0.076027575;0.365376351;0.609908073;2
171;-41.84885938;-4.458669723;-4.53759623;0.67481324;2
172;37.32186853;3.417976024;4.429872296;0.469294777;2
173;13.3825663;1.107717395;1.947468618;0.938760611;2
174;-4.845917512;-0.642992641;-2.00581189;0.223657176;2
175;29.12717781;2.647497778;3.432369658;0.407773254;2
176;-9.931820726;-1.239781222;-1.028647471;0.683923418;2
177;-14.9678196;-1.731483222;-3.588817177;0.346364366;2
178;16.92514253;1.462347386;2.481750295;0.681816567;2
179;4.501469835;0.173025734;-0.04101571;0.239414204;2
180;-1.05053968;-0.326921135;-1.023800236;0.207175789;2
181;22.65242376;2.097995689;3.218246174;0.772496676;2
182;20.99573936;1.828606841;1.422359307;0.479572142;2
183;-7.316508654;-1.020953659;-1.830539026;0.86620773;2
184;2.979558178;0.065927517;0.707356864;0.379818919;2
185;14.25880371;1.111884132;1.050668603;0.08316739;2
186;23.8007767;2.070990107;4.026373361;0.834457419;2
187;11.43446981;0.866848126;1.456762016;0.497210746;2
188;0.525674001;-0.078162542;-1.792651439;0.672827907;2
189;24.16951793;2.211886808;2.203233702;0.184507293;2
190;6.742293071;0.452880728;1.36813389;0.16421894;2
191;-8.383880074;-1.091348469;-1.468382634;0.043303788;2
192;-13.25551487;-1.472848603;-1.25912715;0.490697389;2
193;-27.20944549;-2.956283863;-1.559439883;0.518745652;2
194;17.2220813;1.436216502;2.029404349;0.401076792;2
195;28.95322872;2.647225206;-0.21192105;0.012295485;2
196;-30.32009913;-3.318754025;-4.424532129;0.100079298;2
197;-15.72017704;-1.861418646;-3.224280224;0.515173152;2
198;-10.77748121;-1.337240881;-1.029612267;0.195874681;2
199;37.06542723;3.421396961;2.815789363;0.905405904;2
200;9.181615551;0.650542239;3.017388292;0.132965532;2
201;37.01795364;3.457367156;2.306324161;0.050943297;3
202;-21.59545003;-2.351370517;-1.653919567;0.949221481;3
203;-14.9249222;-1.675739922;-2.423861294;0.44414826;3
204;16.27830989;1.375469867;2.477051871;0.80210199;3
205;-11.3371327;-1.401248752;-2.495550016;0.29231682;3
206;-21.23866311;-2.397995598;-2.811028536;0.906115144;3
207;-28.85432811;-3.004203985;-3.836624445;0.225828165;3
208;7.183482709;0.380245992;-0.689457418;0.962071706;3
209;-11.70473652;-1.385734472;-1.194715965;0.935014462;3
210;21.2567192;1.835294948;1.13484372;0.148149188;3
211;-48.56226003;-5.115098903;-5.969253965;0.877645687;3
212;-7.1976441;-0.954126031;-1.629906015;0.226850796;3
213;5.541448242;0.296525893;1.251301652;0.787372906;3
214;27.3508822;2.366391289;1.901215002;0.392952991;3
215;7.031326185;0.534370684;1.099577402;0.279183612;3
216;-3.537269088;-0.636203646;-0.070744022;0.545072884;3
217;13.68854257;1.136180426;1.655053305;0.314654347;3
218;-23.92014289;-2.552026898;-3.161886452;0.015480266;3
219;24.77100724;2.16120881;2.155187443;0.57635719;3
220;11.29572166;0.879660541;2.10247891;0.647772626;3
221;-16.78317073;-1.956118621;-0.620037111;0.726106057;3
222;-10.87552806;-1.32556058;-2.134770087;0.987722455;3
223;34.54738036;3.192275347;3.274774193;0.531090549;3
224;-10.27388409;-1.277323264;-2.628802365;0.857745791;3
225;-34.95741557;-3.749956192;-3.755992362;0.918756441;3
226;14.61461928;1.168411306;1.218730698;0.892388268;3
227;1.08391231;-0.063397104;-0.40487861;0.905777819;3
228;3.82772271;0.115772819;-1.051591238;0.429592584;3
229;19.7515803;1.698616269;1.901844424;0.537263752;3
230;-27.89070149;-3.040292165;-1.619974745;0.619099319;3
231;-6.499196661;-0.868777767;-1.126969997;0.692355738;3
232;-11.81247455;-1.458525737;-0.741192187;0.287094314;3
233;-0.530354734;-0.303224896;-0.487472888;0.34030545;3
234;-66.58541348;-6.842438849;-6.17062195;0.22761455;3
235;37.72798567;3.405168909;3.589369928;0.151448427;3
236;-8.511066769;-1.041520514;-0.307051767;0.009173739;3
237;28.0354971;2.553307982;1.717047289;0.242152014;3
238;16.73489408;1.428534543;0.710913236;0.039227409;3
239;0.510662421;-0.2158546;-0.177884287;0.06148361;3
240;6.545101038;0.402819482;1.490801033;0.477191573;3
241;38.80210355;3.605441022;3.070051528;0.772121178;3
242;4.227068724;0.211105113;-1.162145853;0.897928827;3
243;3.758681312;0.097666173;-0.045946805;0.3351882;3
244;-16.20176379;-1.834833644;-2.296588892;0.904100803;3
245;-5.555884209;-0.75469097;-0.957296013;0.154597063;3
246;8.701391405;0.653578786;2.403108199;0.121063882;3
247;26.4639602;2.386090654;2.184558009;0.41686685;3
248;26.66793705;2.413732109;3.145561633;0.462720512;3
249;-13.0976976;-1.531914109;-3.505334381;0.561239918;3
250;-17.99640435;-1.986725256;-1.189421397;0.114057512;3
251;10.43152062;0.834138708;0.726552785;0.746610157;3
252;27.24247497;2.526512474;1.521326662;0.071659421;3
253;1.20591093;-0.088728111;-2.79360206;0.700459599;3
254;-4.0526942;-0.640998975;1.680960562;0.664795907;3
255;19.31383647;1.575571066;2.097682333;0.478127863;3
256;35.39693742;3.360927876;3.453628116;0.939841225;3
257;2.292942688;-0.095308156;0.696488748;0.520149898;3
258;-1.518354134;-0.40238815;-1.018675976;0.73731036;3
259;-8.587564848;-1.092683095;-2.397524526;0.55986709;3
260;-0.419402005;-0.358829018;-0.486759237;0.033167026;3
261;40.88961836;3.771190243;3.326411676;0.361620793;3
262;-18.74148462;-2.082484719;-1.406117671;0.022428012;3
263;-17.36853317;-2.023365188;-2.568869939;0.725086711;3
264;-16.87510602;-1.91520572;-2.429711118;0.848953245;3
265;2.241214787;0.082063748;-0.660834812;0.473160192;3
266;-18.65844293;-2.089041382;-2.872660168;0.550754601;3
267;-26.18966428;-2.805315405;-2.836008889;0.052692815;3
268;-18.99649561;-2.077469698;-1.769231403;0.523747335;3
269;-9.603910973;-1.182376639;-1.58066818;0.082474063;3
270;-15.41033324;-1.798206361;-0.540196189;0.309606786;3
271;-18.88524354;-2.121996389;-3.820986372;0.176602474;3
272;6.437756986;0.432209306;0.82682287;0.859958709;3
273;4.62930195;0.238233423;0.668457029;0.938817866;3
274;11.404022;0.930920544;1.450984008;0.425375903;3
275;12.26961335;0.93834337;3.653543994;0.614082536;3
276;26.96106023;2.41394934;3.472685322;0.899793382;3
277;8.128332595;0.588893472;0.267471671;0.302884693;3
278;-1.536176638;-0.413782411;-2.247733511;0.275148324;3
279;-10.16501199;-1.241130247;-1.087180893;0.301985729;3
280;-19.71263137;-2.231929557;-1.656184424;0.858714174;3
281;-4.00150237;-0.608105338;-2.279349365;0.676338096;3
282;-20.05057194;-2.281434169;-3.041315744;0.220639259;3
283;11.82185522;0.960577354;1.497325867;0.100935712;3
284;42.22209778;3.934632247;4.358414834;0.808455945;3
285;-15.23850346;-1.722582488;-3.052069001;0.946096939;3
286;3.828798282;0.049917159;-0.063818419;0.342043584;3
287;11.72983198;0.991142372;0.968149484;0.168304475;3
288;-1.34330754;-0.341486453;2.330172631;0.474590224;3
289;5.316997522;0.251404991;0.221817419;0.274025758;3
290;-10.76521984;-1.262066432;-2.455066626;0.694526006;3
291;67.28616872;6.459938511;8.16761993;0.170976813;3
292;12.664601;1.005361846;1.193876017;0.131767384;3
293;-11.48121182;-1.504542956;0.159236391;0.044792697;3
294;3.617414275;0.017633995;0.115510547;0.434912698;3
295;-3.389178512;-0.621139393;-2.017196554;0.128043075;3
296;8.332721444;0.543688691;1.560248401;0.61950165;3
297;5.309883907;0.283315541;1.879882458;0.068062728;3
298;-3.085243567;-0.554219262;0.73121678;0.421464598;3
299;16.34446391;1.374951311;2.229512298;0.598781182;3
300;24.4751403;2.19550394;1.159991081;0.880349431;3
301;18.65843686;1.668140034;0.192215471;0.549089194;4
302;34.5605299;3.23944407;1.896909798;0.103765338;4
303;-1.900881108;-0.399283608;1.458369232;0.981741525;4
304;-6.660433833;-0.801583297;-1.183067357;0.412990534;4
305;-1.823976995;-0.389527674;1.182187154;0.439961968;4
306;1.72910634;-0.121814714;-2.490426475;0.10942879;4
307;5.050678875;0.218574928;-0.459276092;0.374193908;4
308;0.244556669;-0.202695631;-2.196037367;0.085759156;4
309;16.86723799;1.406727211;0.169271535;0.789646635;4
310;6.157414907;0.311458013;-2.098358219;0.951197685;4
311;26.04875178;2.324538325;3.885966917;0.294608768;4
312;-27.73502316;-2.986648397;-2.342669587;0.107503752;4
313;2.231397964;-0.037604736;-2.016195034;0.926152447;4
314;21.18455309;1.833504081;2.430565773;0.333578331;4
315;13.14181331;1.010975484;1.276489353;0.151940154;4
316;24.61851657;2.228899917;2.286472349;0.939788316;4
317;23.7063173;2.037111589;2.390278384;0.336143821;4
318;-7.37570368;-1.010443876;0.765799733;0.471234582;4
319;18.73811392;1.562520483;0.906425493;0.600272005;4
320;29.6335674;2.711850018;2.979210393;0.884218227;4
321;10.74004344;0.775295533;0.374746052;0.196930152;4
322;-9.262287037;-1.143993502;-0.746063404;0.80238669;4
323;19.35377519;1.644947205;0.874008393;0.292562523;4
324;-17.90445571;-2.022892859;-1.538426074;0.937816903;4
325;13.5355497;1.034496127;1.338360069;0.866304436;4
326;-11.61779376;-1.373452165;-0.396942081;0.044681946;4
327;-0.631711362;-0.224663471;-1.899238599;0.470871763;4
328;2.972033861;0.113973458;0.357308032;0.858729368;4
329;14.93217851;1.317016575;2.116496525;0.577011939;4
330;34.4727089;3.195711044;4.88300562;0.58665378;4
331;4.152006887;0.171366967;-0.702923237;0.446452355;4
332;0.831653254;-0.110447938;0.360586527;0.018507475;4
333;-38.01034171;-3.981457467;-3.306937977;0.251401474;4
334;-2.026875459;-0.381845348;0.32306879;0.972951225;4
335;-18.67835602;-2.100659159;-1.569373743;0.338716252;4
336;0.010742374;-0.280160152;-1.682917724;0.811629783;4
337;31.79811807;2.832978902;3.429214793;0.97827656;4
338;19.79332696;1.722618242;2.247854884;0.707672861;4
339;-7.146624797;-0.94593157;-1.276570141;0.926179763;4
340;-5.201302366;-0.703634632;-2.60993308;0.060179389;4
341;12.30160724;1.016609249;2.475169185;0.714327013;4
342;-22.16946521;-2.497129372;-1.584047789;0.335843685;4
343;17.36737376;1.480538422;-0.530352342;0.087947545;4
344;2.301165576;-0.054173185;0.556312344;0.686305282;4
345;24.23584623;2.17633216;1.611013777;0.235824017;4
346;4.060891086;0.207959104;1.250830834;0.365245613;4
347;-7.027723347;-1.049519818;-1.435681079;0.444585694;4
348;23.75273148;2.122639571;2.35173916;0.13852232;4
349;-21.829248;-2.345445376;-3.856680888;0.200094253;4
350;-14.02341514;-1.59209021;-1.211687976;0.562411677;4
351;-1.542186862;-0.416087697;-0.405504888;0.970509385;4
352;24.37356472;2.198180318;1.468255949;0.954180237;4
353;21.74460715;1.964706026;2.246370199;0.171856934;4
354;-29.93607112;-3.148030074;-3.742653866;0.787848925;4
355;-54.78233894;-5.699484187;-7.118883068;0.760421986;4
356;-2.884559501;-0.493785938;-1.691312285;0.306067812;4
357;8.828763568;0.649271194;0.796668128;0.563539125;4
358;-7.396564583;-0.992413932;-2.512669157;0.049026996;4
359;-10.9037547;-1.377561952;-0.655426473;0.725363053;4
360;39.11644669;3.700274021;3.751937255;0.578087285;4
361;21.52142149;1.929446268;0.600069968;0.754262094;4
362;8.295448579;0.628501874;-0.044718;0.908232632;4
363;9.43000217;0.745523003;1.583912429;0.560531084;4
364;-41.37092069;-4.362553964;-4.648536814;0.894171519;4
365;-5.973070671;-0.879704421;-0.364909284;0.213054269;4
366;-16.90185889;-1.914816127;-2.068596733;0.169624247;4
367;-1.621811896;-0.355798674;0.336615435;0.110874646;4
368;-3.342105096;-0.514411362;0.370354169;0.454808678;4
369;15.4597191;1.203955111;-0.827526495;0.071438435;4
370;0.320685696;-0.221899206;-1.094578225;0.98226827;4
371;2.638765321;0.007984699;-0.151740824;0.48038706;4
372;20.13942306;1.699312603;1.093253304;0.130662226;4
373;-23.77452428;-2.591552789;-3.293150184;0.770442569;4
374;-15.46553298;-1.807660035;-1.173285061;0.809468294;4
375;12.6670134;1.075499884;-0.631747582;0.523346141;4
376;13.18575694;0.985078635;1.471666829;0.388967032;4
377;1.864005589;-0.055064312;0.474414184;0.843233906;4
378;11.22773382;0.862991434;2.552462444;0.320400083;4
379;8.577822274;0.607202785;-1.221867818;0.757016719;4
380;-1.267400303;-0.368264088;1.111215125;0.124038657;4
381;-4.570247932;-0.721239392;-2.197262269;0.215524564;4
382;6.910960831;0.486500786;0.228829909;0.096196797;4
383;10.70410839;0.728931658;0.92561124;0.831397647;4
384;39.58316972;3.676102938;3.794256769;0.850870249;4
385;-10.24311076;-1.278645574;-0.966259091;0.247855598;4
386;-2.824531655;-0.523527091;-0.479511961;0.750791386;4
387;12.85901569;1.106223335;1.348782768;0.307663107;4
388;-12.0133857;-1.401369937;-2.995112989;0.199600667;4
389;20.79357939;1.733478773;1.625742807;0.697304205;4
390;27.30437732;2.472802389;3.750163643;0.42492633;4
391;-20.09063572;-2.162850427;-1.450296924;0.073879686;4
392;6.213493404;0.381796959;0.384233797;0.621573456;4
393;-13.13693944;-1.527680072;-1.179449719;0.482980543;4
394;49.74450242;4.663736435;5.308824662;0.440613454;4
395;-19.19809876;-2.091902671;-2.079624553;0.455085637;4
396;-0.331917521;-0.303719904;-0.603631287;0.144709736;4
397;40.80637213;3.776265104;3.826012116;0.954222667;4
398;-13.97109326;-1.564506312;-1.31655991;0.736432579;4
399;4.359209287;0.22242162;-0.816081923;0.684395988;4
400;-15.77944324;-1.91896416;-1.698894485;0.106207557;4
401;18.33386084;1.57622993;2.385381839;0.161825692;5
402;3.656862056;0.072411666;0.119616056;0.166146647;5
403;18.82333004;1.717264571;1.103184187;0.176787905;5
404;20.45136409;1.691841678;2.617928582;0.911106156;5
405;2.696114107;-0.038593039;-0.878948451;0.867493734;5
406;8.960715454;0.599812791;2.705542019;0.467184994;5
407;-7.870770672;-1.026599815;-0.668363131;0.149630797;5
408;28.14312665;2.533997781;1.240254378;0.552477568;5
409;-9.192014623;-1.097521708;-3.35750632;0.302876686;5
410;16.01083151;1.326163163;1.912142434;0.457352606;5
411;5.775533288;0.345292168;1.43247102;0.574702674;5
412;-18.31942582;-2.01490867;-1.196923201;0.271200871;5
413;17.79283348;1.511515721;-0.158093063;0.973037206;5
414;32.19087619;2.896920389;2.343726648;0.465166653;5
415;17.51533587;1.558159899;1.714185703;0.304047023;5
416;-2.616671268;-0.475224274;-2.375113039;0.508260724;5
417;-35.05576829;-3.825272913;-3.146832868;0.722684463;5
418;-46.90773329;-4.857464655;-5.338000855;0.785399778;5
419;12.04889383;0.867359902;2.090094496;0.182258436;5
420;6.645572096;0.421192642;-0.759339573;0.610163769;5
421;35.41711272;3.360867712;3.125314813;0.530268301;5
422;4.00148343;0.06815624;-1.478798401;0.265495558;5
423;-13.97595329;-1.652530446;-2.958454783;0.052011649;5
424;42.00040163;3.863715901;3.124218477;0.735923688;5
425;-0.82016634;-0.363101866;-1.939039432;0.600447866;5
426;24.23692757;2.138912042;1.980927608;0.95214494;5
427;37.88397486;3.529182557;2.288960641;0.85587822;5
428;7.615018081;0.525158645;2.076906071;0.478220184;5
429;17.53128664;1.543927718;1.59343592;0.519441279;5
430;26.19182597;2.364502761;4.023408143;0.948010698;5
431;-1.985564957;-0.415916562;-0.407996835;0.406240582;5
432;-22.38821446;-2.457144081;-3.90397294;0.451361387;5
433;-3.992354345;-0.619003341;0.251359388;0.970730282;5
434;15.83357933;1.265671846;2.339679004;0.123933706;5
435;-15.58669835;-1.768308692;-1.558251386;0.075812735;5
436;-23.47091565;-2.573335594;-2.72652642;0.184129041;5
437;-10.466808;-1.345747611;-1.325728157;0.525114996;5
438;42.35992485;4.034957633;6.218683392;0.463547977;5
439;10.33708762;0.777783431;1.585427696;0.095284182;5
440;17.57254413;1.607878681;0.857148364;0.951445269;5
441;11.93872058;0.918021169;-0.039090879;0.66702747;5
442;1.336975223;-0.020670894;-0.439997461;0.64971826;5
443;34.43510092;3.263606384;2.167910506;0.372846976;5
444;-2.167397285;-0.450620303;0.094704986;0.774698386;5
445;30.49714294;2.742204771;1.492727612;0.747403339;5
446;5.472772951;0.278397442;1.331039708;0.520119022;5
447;18.54712627;1.632661896;0.209714801;0.957006811;5
448;-0.742247441;-0.349399759;1.211048049;0.995196514;5
449;-2.517432398;-0.446384103;-1.452965639;0.656791728;5
450;29.7089124;2.817032315;2.594217979;0.895541683;5
451;-10.71899145;-1.291105938;-2.486272755;0.387874231;5
452;-2.179633059;-0.429471649;-0.07883476;0.35476215;5
453;2.350941602;0.068327095;-0.551987461;0.99132443;5
454;-10.54492906;-1.39389406;-1.623288875;0.590427165;5
455;20.72428577;1.787042031;2.443995729;0.609341027;5
456;19.88875123;1.718210133;1.208460754;0.002343531;5
457;-5.367220738;-0.798413095;-0.770609975;0.703983683;5
458;17.14426346;1.455609391;3.210670914;0.496183735;5
459;-11.99214437;-1.427076496;-2.438742518;0.376351191;5
460;11.49912615;0.939865111;0.452015306;0.219126605;5
461;-0.857389573;-0.331785799;1.350563301;0.937635762;5
462;-25.46233069;-2.675023101;-3.29031763;0.541359364;5
463;-40.63375816;-4.291531556;-4.736869434;0.925212557;5
464;-24.22242672;-2.696057379;-4.071092891;0.107390205;5
465;29.17488917;2.661461585;2.860860492;0.983466639;5
466;29.52135543;2.688654523;1.874331775;0.680020799;5
467;-15.88768951;-1.771671526;-2.747545951;0.260598607;5
468;-11.41973291;-1.318015768;-0.07507702;0.240721;5
469;6.924649939;0.547102997;-0.471150763;0.706235699;5
470;14.76930442;1.280627149;1.753700089;0.251058153;5
471;11.57112288;0.959494526;0.691018578;0.71011594;5
472;-32.33473371;-3.545618632;-2.374827793;0.27702061;5
473;8.949372041;0.629413326;1.056419431;0.189011398;5
474;29.55417888;2.695273535;0.167741821;0.452492021;5
475;-18.10471126;-2.098716257;-3.346442612;0.276985149;5
476;9.849605037;0.723400489;1.695586877;0.455982736;5
477;-0.947496057;-0.356368738;-1.399560461;0.938161414;5
478;-30.335524;-3.306306945;-3.035343862;0.33818849;5
479;37.15686088;3.487975253;3.721702588;0.17577634;5
480;-8.247586587;-1.089609167;-0.105644174;0.796559094;5
481;2.836050504;0.066807657;-0.560843335;0.175522176;5
482;-15.86383;-1.855437234;-1.505915226;0.055303478;5
483;-11.45140664;-1.344893123;0.131379448;0.448847417;5
484;0.507302642;-0.253282401;-0.584997236;0.284914589;5
485;8.387886737;0.670573364;-0.11100915;0.29085688;5
486;31.75879921;2.915506606;2.984421505;0.597495279;5
487;-18.28397367;-2.022968483;-1.672427854;0.89332433;5
488;-23.25582037;-2.621758605;-4.793303989;0.828900063;5
489;19.34591252;1.606224155;1.064955707;0.327139557;5
490;-21.52610742;-2.424353939;-2.616992134;0.707664275;5
491;-11.93748462;-1.406977388;-2.122908749;0.552775661;5
492;10.07803778;0.774837185;-0.100980591;0.368494763;5
493;-29.52786424;-3.204992287;-0.951639209;0.858804139;5
494;-1.923259113;-0.411534239;-1.546848207;0.070551863;5
495;-19.74143374;-2.191016033;-2.641693982;0.888602042;5
496;7.398434378;0.503629207;0.306880301;0.85462601;5
497;-7.14256269;-0.998825826;0.429147412;0.160047187;5
498;36.02307902;3.23416602;2.681283097;0.401359381;5
499;-8.776634844;-1.092877981;-1.767484401;0.4003206;5
500;1.558371082;-0.022258364;-0.391297095;0.926214419;5
501;3.719331572;0.087308396;-0.734141856;0.936969397;6
502;4.100087469;0.151450391;-0.841426926;0.42150828;6
503;-1.796202544;-0.398790257;1.747861789;0.746971537;6
504;-1.31508787;-0.410275252;-0.464552394;0.101448805;6
505;10.70263157;0.787927533;-0.00918156;0.988741791;6
506;-4.325513972;-0.732754069;-1.282502276;0.189508833;6
507;28.55400907;2.487976587;3.095388473;0.946381735;6
508;-21.63444998;-2.422989267;-2.77790549;0.668175177;6
509;-8.552744755;-1.055682784;-1.142761873;0.216824558;6
510;12.0703736;0.954086247;-0.381714319;0.085896715;6
511;-6.867596077;-0.92202094;-0.851510883;0.912923982;6
512;25.89135839;2.366350842;1.594009465;0.989719766;6
513;-32.90502265;-3.523566305;-3.88766016;0.737165196;6
514;3.996608742;0.11053201;1.551499715;0.307971767;6
515;12.59487293;0.942717824;0.787603219;0.587053978;6
516;29.41800624;2.71411902;2.243269407;0.321911556;6
517;-29.33377562;-3.158720461;-4.228778502;0.206054959;6
518;27.34531509;2.442864839;3.680909171;0.809840193;6
519;-30.76640979;-3.225531359;-3.604236023;0.504924056;6
520;16.50730122;1.378498726;3.215445883;0.031078765;6
521;-9.013044664;-1.173578622;-1.413683494;0.185588562;6
522;-8.217879226;-1.146181698;-1.62814619;0.503039419;6
523;4.564641122;0.240532135;-1.175176986;0.36311585;6
524;-15.94450141;-1.873648818;-2.093515254;0.394727803;6
525;62.74045711;6.014583245;5.415008232;0.246695257;6
526;-18.27499675;-2.085931758;-2.752123223;0.954058518;6
527;-28.48938269;-3.152818088;-0.781794246;0.159815704;6
528;-5.633461693;-0.827470816;-0.80554376;0.031277511;6
529;14.18590344;1.196325156;0.662850281;0.204365996;6
530;0.390401526;-0.16242933;-0.596672328;0.57000932;6
531;16.8780719;1.451167491;0.973031358;0.296451117;6
532;2.218206287;-0.09199035;-0.045439231;0.697457891;6
533;-19.56651542;-2.21263052;-3.041460863;0.816511837;6
534;-6.624847175;-0.889766687;-0.211677411;0.310615846;6
535;-1.040537319;-0.290099945;0.631023802;0.556139574;6
536;21.50848167;1.799036143;1.901940472;0.151362734;6
537;-3.557340277;-0.592637317;-0.980238776;0.709145456;6
538;-25.33280105;-2.818948178;-3.512796425;0.55897523;6
539;0.769671383;-0.148472584;-0.85058981;0.610052517;6
540;12.67654968;0.957001834;1.105643414;0.252936268;6
541;9.72677857;0.683317685;2.058186874;0.375951583;6
542;-11.43774225;-1.411738287;-1.082368459;0.896254283;6
543;-2.603009813;-0.490945927;-0.917749007;0.752997163;6
544;6.534134025;0.444178998;0.835902747;0.275305746;6
545;-1.577740597;-0.468611119;-2.253062598;0.466806772;6
546;-13.30190097;-1.574285171;-2.052771289;0.310753326;6
547;11.12544347;0.807850594;1.57804257;0.994129355;6
548;3.207724179;0.097490656;-0.376818461;0.550019047;6
549;-28.99710843;-3.112536698;-3.316371309;0.051507344;6
550;-28.34532568;-3.10412541;-2.376892316;0.05799964;6
551;-44.88863034;-4.718427729;-4.211346992;0.590418119;6
552;-17.32830085;-1.893228245;-3.938630372;0.923050683;6
553;29.56106731;2.604894115;4.146559445;0.288083545;6
554;-8.083558704;-1.101953642;-2.661924347;0.634815864;6
555;-21.86366036;-2.459546131;-2.639431059;0.860435483;6
556;-17.25201757;-2.050484406;-0.437446478;0.187129334;6
557;-9.57912295;-1.121269229;0.140791336;0.956051409;6
558;10.79342463;0.796157304;0.562753034;0.815897943;6
559;-15.12620552;-1.80291219;-1.649718966;0.877365349;6
560;-14.34190303;-1.686086582;-1.974923098;0.554034312;6
561;19.21535182;1.62994447;2.892496843;0.088680522;6
562;-25.19594586;-2.768707896;-2.031082205;0.406965721;6
563;7.50310449;0.559217092;2.366444666;0.902884195;6
564;-9.068556022;-1.153170448;-1.252143033;0.500633177;6
565;42.75430013;3.895972846;3.952218324;0.361483544;6
566;16.64634844;1.419090753;1.914237901;0.534215806;6
567;17.73974609;1.553759401;2.081046748;0.337878298;6
568;-6.674306135;-0.968921526;0.398619994;0.597063072;6
569;-8.44828079;-1.100333815;-2.884188957;0.284276393;6
570;6.748146029;0.370732028;1.002443099;0.902309387;6
571;-12.74356899;-1.529981746;-0.044022877;0.415948082;6
572;20.31751357;1.714378378;2.588642606;0.465593118;6
573;-29.66300022;-3.191426528;-3.102487381;0.699673305;6
574;-28.34129549;-3.063016702;-2.486710324;0.167097937;6
575;25.61208055;2.261205088;2.948295678;0.662271726;6
576;-0.160900201;-0.289953732;1.718780595;0.075258433;6
577;-47.15730063;-4.929634658;-3.269358295;0.997559263;6
578;28.12792775;2.534933754;2.605590623;0.441090112;6
579;16.99222931;1.516252321;0.138736769;0.10871936;6
580;2.431229168;-0.081099564;1.180772537;0.449868535;6
581;-22.6189706;-2.455963446;-2.805590103;0.56311494;6
582;13.65830756;1.117088066;0.801926451;0.298168366;6
583;-9.730114793;-1.155047756;-1.707175258;0.246867831;6
584;20.97184467;1.819321406;2.067416489;0.242251406;6
585;5.585244596;0.248798113;0.34627138;0.821600409;6
586;0.837732384;-0.098762807;0.527857621;0.557407103;6
587;13.95349963;1.135538213;1.191495625;0.742379922;6
588;-4.906908464;-0.841540553;-1.499077636;0.722862341;6
589;-15.19000482;-1.78477809;-1.799448796;0.004671421;6
590;17.5056322;1.471245118;1.066576771;0.041306143;6
591;-8.287889071;-1.108305698;-2.551749566;0.316473614;6
592;-15.55924935;-1.784985619;-1.640894802;0.72330018;6
593;19.17409476;1.737264971;1.558978869;0.665013874;6
594;-4.055657598;-0.626814368;-1.515737581;0.444969619;6
595;-25.1170823;-2.739147509;-1.310803512;0.669165259;6
596;37.33595899;3.420885498;3.545706693;0.991088867;6
597;-35.22216222;-3.766230361;-5.605533924;0.888281903;6
598;13.36291843;1.075121843;-0.25324806;0.667885096;6
599;-7.405108689;-0.940004431;-0.168301989;0.004901522;6
600;-17.79462411;-2.054408395;-2.02545274;0.65888473;6
601;2.431548207;0.00871056;0.251420205;0.905860354;7
602;6.199914196;0.366724048;1.003551826;0.672963615;7
603;11.58770256;0.931888933;0.453073197;0.271445966;7
604;31.99319208;2.943345183;4.047405455;0.034520375;7
605;-17.96958464;-2.136712394;-2.864649101;0.286167262;7
606;-14.19007836;-1.626351436;-1.280231298;0.926410534;7
607;36.18935431;3.399207986;5.731959138;0.525225286;7
608;7.525221771;0.492289173;-0.053234289;0.203303411;7
609;-1.030048764;-0.265438859;-1.179592922;0.100851853;7
610;-32.76757831;-3.458329214;-3.757118724;0.272049141;7
611;-15.85996884;-1.805303147;-2.841227954;0.21741339;7
612;-16.99918087;-1.857464071;-2.112612737;0.824525672;7
613;-30.55976396;-3.288954454;-1.305626572;0.98832636;7
614;-19.86963336;-2.238027396;-3.250419755;0.974440617;7
615;-0.367243515;-0.34761036;-0.792905258;0.297247829;7
616;-7.733611157;-0.93382301;0.249378332;0.559567844;7
617;-4.066251887;-0.639327999;-3.263135611;0.890202155;7
618;43.94606102;4.119582268;4.548462308;0.27383478;7
619;23.54023859;2.037274603;3.543141887;0.814025473;7
620;-13.68258159;-1.576741013;-0.668618077;0.545977574;7
621;-7.796116272;-1.047974565;-0.4687338;0.498181512;7
622;49.82339056;4.753972395;3.908360466;0.907942277;7
623;10.33184684;0.715131959;1.916926318;0.39395386;7
624;-2.158425231;-0.46980413;-1.48824745;0.759106399;7
625;32.27537087;2.990613191;2.292667495;0.34984119;7
626;-26.85856595;-2.83410413;-4.189677136;0.273073689;7
627;-10.63437007;-1.40763853;-0.439096931;0.877557476;7
628;27.05886606;2.409928447;2.524636583;0.370790986;7
629;-8.736780397;-1.148878612;1.173778218;0.047101867;7
630;26.05004319;2.299410316;0.871963709;0.665875027;7
631;-1.106522013;-0.44983186;-0.429843781;0.50046089;7
632;10.04851103;0.735751698;-0.14116757;0.264118216;7
633;19.23967209;1.72914601;0.367536145;0.686343513;7
634;36.1617015;3.395969027;3.160894634;0.2741187;7
635;5.043942048;0.164847857;-0.145794109;0.632216051;7
636;-7.299064438;-1.083268864;-1.231608399;0.734473559;7
637;10.83279327;0.867334374;0.979158595;0.687079178;7
638;4.977907611;0.19746238;1.153536725;0.794766481;7
639;7.32504524;0.568738948;1.672239466;0.03099113;7
640;-42.22809;-4.443775544;-3.795744074;0.069167709;7
641;7.810564161;0.510481431;1.484450411;0.734794754;7
642;-20.69082671;-2.222979962;-3.185974552;0.544921164;7
643;-21.34416739;-2.29711618;-2.622143293;0.537560057;7
644;-8.066829187;-1.158139985;-0.566258596;0.638840843;7
645;-23.36880115;-2.56421197;-2.7794025;0.901455401;7
646;3.992054058;0.07186384;1.663339098;0.874619202;7
647;-9.521802006;-1.126010868;-2.07908021;0.308599961;7
648;44.43921914;4.248511149;5.999275604;0.516204628;7
649;2.99838559;0.042044304;0.17075373;0.894566752;7
650;15.94845388;1.36928518;1.571785967;0.721102556;7
651;11.22790065;0.857042758;1.658085683;0.512971641;7
652;17.51589094;1.59538065;1.679966373;0.390725804;7
653;-3.809221646;-0.633593947;-0.319235558;0.572195612;7
654;-16.86891814;-1.997400584;-1.416864836;0.838499116;7
655;21.30569098;1.888723746;1.846916401;0.816116608;7
656;17.22535229;1.461902948;0.501372338;0.101282344;7
657;-21.98727727;-2.551000219;-2.03212281;0.673729978;7
658;21.65292588;1.811135421;2.687889601;0.358615592;7
659;33.09084566;3.116582932;3.299551376;0.780279737;7
660;-31.71403945;-3.365835827;-3.851164745;0.948334205;7
661;-3.615324435;-0.573699077;-1.856137887;0.255462407;7
662;-18.89694686;-2.159955538;-1.9784111;0.641920696;7
663;14.47309427;1.17584961;0.903901415;0.618287186;7
664;-20.2200394;-2.184666039;-2.599881758;0.673518186;7
665;36.30922924;3.372811224;5.220176718;0.684101669;7
666;19.41502749;1.684030049;2.151996605;0.704144234;7
667;21.68161763;1.797952489;1.919226366;0.125145592;7
668;-29.15182785;-3.171031805;-2.551375454;0.582867999;7
669;13.42760298;1.105146623;0.788247409;0.697399091;7
670;11.87890947;0.939063621;-0.871356688;0.495975507;7
671;0.793390025;-0.145396709;-1.17865094;0.3541859;7
672;6.417970397;0.399900899;-0.925884325;0.47466563;7
673;27.40434887;2.559581183;2.712749766;0.219395834;7
674;41.38787835;3.806199277;4.084553599;0.183670711;7
675;-4.408390377;-0.724838106;-0.619966404;0.831910268;7
676;13.40062758;1.10279138;-1.972015183;0.528106054;7
677;-9.756307506;-1.273982017;-1.353083661;0.023698905;7
678;2.620114795;-0.007275952;-1.665743625;0.59909337;7
679;5.924859328;0.295053558;0.50340698;0.150531815;7
680;-22.98043195;-2.517670728;-3.216240916;0.46247133;7
681;-34.81398551;-3.645313116;-3.489387136;0.491921985;7
682;-6.819786695;-0.828300348;0.253935498;0.073142073;7
683;-9.97827304;-1.25133199;-0.164614337;0.322814635;7
684;3.944458613;0.193543602;0.354952622;0.553286178;7
685;-13.80159273;-1.628859568;-1.374223671;0.574257779;7
686;15.1571714;1.2076852;1.709056211;0.833006074;7
687;10.39566456;0.827002334;-1.044440695;0.390463866;7
688;-23.54337785;-2.633544961;-2.696176033;0.55035653;7
689;0.598279107;-0.13547123;1.451964655;0.335019328;7
690;1.209148082;-0.149891573;-0.552217495;0.067444034;7
691;0.708706573;-0.186260171;0.142946285;0.651220007;7
692;3.886552426;0.141418963;0.384216681;0.263063946;7
693;26.08156711;2.416097663;2.058385698;0.455219632;7
694;12.60619021;0.970196136;0.186502104;0.903972231;7
695;31.0494955;2.762743504;4.166037101;0.55000944;7
696;-9.407508423;-1.097639425;0.451261789;0.288997836;7
697;7.016822352;0.418596436;-0.119508531;0.272183078;7
698;5.873416324;0.287905681;0.707136971;0.49264147;7
699;-10.58788805;-1.223646016;-1.753975749;0.999597777;7
700;-2.209527942;-0.559500953;-1.19762994;0.223889712;7
701;43.03159361;3.96550428;5.61933053;0.783413448;8
702;7.471721583;0.539562966;1.627358239;0.126326242;8
703;19.21585648;1.714970704;1.568564365;0.988877603;8
704;-18.44619797;-2.100636985;-3.122909057;0.342334589;8
705;5.871281751;0.426401015;0.899617218;0.706356461;8
706;-4.113755596;-0.725468222;0.5548631;0.175254649;8
707;13.09745697;1.016341658;1.038608459;0.484213682;8
708;-18.05674233;-2.088987754;-0.235807425;0.930983326;8
709;-5.33717128;-0.795559507;-0.823390984;0.917212807;8
710;-15.47321374;-1.873308867;-2.645915558;0.837110791;8
711;-2.462548798;-0.445046789;-0.872406875;0.119904383;8
712;-49.30054945;-5.127666527;-5.393714109;0.013603603;8
713;9.906310454;0.696973853;0.531116305;0.499201423;8
714;6.647946797;0.437532162;-0.488603695;0.157510002;8
715;27.74570748;2.613092735;2.772894389;0.315653447;8
716;13.65129781;1.072437701;1.378004075;0.504594835;8
717;14.855869;1.219456978;2.212448475;0.720866622;8
718;-27.39940256;-2.946488861;-3.160130083;0.152358716;8
719;-4.699597107;-0.717185381;-0.229598084;0.348586447;8
720;15.93279546;1.367413423;1.265057076;0.559111521;8
721;-13.4965563;-1.552709249;-1.542997025;0.149430846;8
722;6.704868993;0.397701198;-0.761030587;0.308559218;8
723;-10.10504723;-1.318940366;-1.537888154;0.697536745;8
724;-24.33187969;-2.641551309;-1.68709273;0.811439606;8
725;12.51076727;1.006854835;0.139176433;0.391529257;8
726;25.47690274;2.312819675;1.791621768;0.634722059;8
727;-5.569152506;-0.73685281;-0.590607954;0.060836306;8
728;5.797695909;0.339288252;0.743028156;0.417134724;8
729;3.543033537;-0.008865586;0.883493476;0.939044662;8
730;38.15695169;3.517543864;3.722536522;0.224159429;8
731;22.68370528;1.977036107;2.646938128;0.348286203;8
732;27.0360249;2.529623103;2.093932883;0.947789057;8
733;29.69636349;2.707391964;2.146034072;0.570436642;8
734;-3.463051361;-0.563479121;-0.723596824;0.785435841;8
735;-12.9617613;-1.546797147;-1.926652154;0.759408182;8
736;48.26978111;4.497092431;3.4576032;0.623745689;8
737;40.20557705;3.766156253;3.762392152;0.770916265;8
738;-5.06745228;-0.74475768;-1.322248589;0.847549814;8
739;10.21929814;0.686408049;0.763320588;0.788330348;8
740;16.16349258;1.405857146;0.398805099;0.143696456;8
741;-1.103351567;-0.422340336;-0.608489068;0.024952815;8
742;-19.38892676;-2.215434286;-4.587963355;0.098958228;8
743;-10.76102853;-1.302377849;-2.99054328;0.482042124;8
744;10.09175356;0.701168049;0.398015737;0.412766415;8
745;26.15746407;2.359389988;1.542082162;0.346003714;8
746;2.626676338;0.019162448;-0.957373915;0.199057474;8
747;14.5152889;1.263015281;0.477923745;0.437920717;8
748;26.6321063;2.357092459;1.150138427;0.072744889;8
749;-24.38926785;-2.639240118;-3.339927924;0.865796368;8
750;12.72396053;0.891783193;1.483496905;0.641184151;8
751;7.601017423;0.515743896;2.30234868;0.821515631;8
752;-17.73425017;-1.961690287;-2.915726799;0.199508369;8
753;19.39374739;1.723970304;1.81696582;0.540131398;8
754;31.61823238;2.816053318;2.462440877;0.942323751;8
755;7.169560724;0.536565664;-0.257982297;0.896406417;8
756;-25.13703036;-2.857406471;-3.204480915;0.705971256;8
757;12.21239538;0.971274574;0.295634089;0.474886331;8
758;24.39096565;2.140361881;2.728272271;0.986125619;8
759;17.20632038;1.447923112;2.048528811;0.58287318;8
760;-17.88594977;-2.082054414;-2.329484076;0.35212341;8
761;7.29119025;0.480371956;-0.111618897;0.84986705;8
762;3.580269342;0.085887392;0.526093462;0.700578466;8
763;-8.82283682;-1.049468316;-0.874614446;0.201230023;8
764;2.03570414;-0.11781917;0.879496716;0.827126609;8
765;-29.64153701;-3.216101749;-2.961782289;0.04188806;8
766;31.34901232;2.803878719;3.298396901;0.878078026;8
767;-33.53429449;-3.662736835;-4.148183912;0.644129629;8
768;19.50275685;1.659946513;0.315686855;0.37105779;8
769;-18.01387853;-2.097240722;-0.71706313;0.541628209;8
770;13.0273479;1.009061327;0.276440609;0.856543643;8
771;3.533205271;0.024483653;1.386270844;0.984342914;8
772;-12.53079805;-1.48129844;-1.802291431;0.095656936;8
773;-4.800464611;-0.787596581;0.097493614;0.838209;8
774;4.306255752;0.181009165;-1.078447;0.382848464;8
775;11.66091133;0.910559891;2.367961854;0.715368548;8
776;-8.226272544;-1.058499139;-0.659184795;0.98615035;8
777;-17.55387284;-1.984595964;-2.970527087;0.470625548;8
778;-10.62724603;-1.330820842;-1.745837035;0.709592734;8
779;20.44535022;1.807802141;1.942363821;0.08970372;8
780;-9.125064149;-1.052507799;-0.755880094;0.608830156;8
781;-4.679314497;-0.674324242;-1.330724686;0.603635916;8
782;-34.43926994;-3.80022601;-2.421144579;0.391128034;8
783;11.08287461;0.861747385;-0.24059443;0.947870237;8
784;-14.28093425;-1.662128721;-2.051207783;0.868760315;8
785;-7.777852468;-1.084356434;-0.748626081;0.337211389;8
786;-1.751936699;-0.490026211;-1.709475195;0.179277358;8
787;-10.5946636;-1.266575846;-2.745731188;0.185932526;8
788;-8.524410911;-1.139918045;-0.474525649;0.419485463;8
789;-12.19472688;-1.389512265;-2.23081707;0.459441521;8
790;5.414227815;0.173035189;-0.235126369;0.17050522;8
791;-9.642161519;-1.209370509;-1.344367867;0.523612038;8
792;20.17819248;1.814042454;1.813069393;0.484563141;8
793;15.16305738;1.289143087;0.352484349;0.107256018;8
794;36.40803963;3.379894996;4.520064038;0.316991068;8
795;17.08431331;1.502288384;1.881648604;0.163350791;8
796;25.67623601;2.256464046;2.243054279;0.148262797;8
797;41.20321157;3.863755545;4.042363657;0.243185407;8
798;-1.73779948;-0.471285244;-1.112797368;0.618635623;8
799;-7.461628853;-0.984576841;-2.099862057;0.711384333;8
800;-11.3812667;-1.424115907;-1.836725467;0.949114018;8
801;20.48142995;1.835308312;2.014066961;0.002731071;9
802;36.99070533;3.332358302;4.18044252;0.008136834;9
803;-9.356262607;-1.2131863;-0.990809743;0.148404646;9
804;14.90602552;1.165601721;0.232259883;0.044559287;9
805;-11.48500165;-1.302990908;-0.403192918;0.920860956;9
806;26.68147532;2.343456473;3.751657805;0.761439625;9
807;3.327601811;0.118242999;2.092028345;0.845053415;9
808;-25.98448064;-2.898562062;-3.462105778;0.666239445;9
809;23.96318432;2.11282061;2.190118395;0.956311115;9
810;15.0269463;1.216209874;0.610607885;0.615152557;9
811;16.53500069;1.486720073;2.066953801;0.770873912;9
812;2.144672107;-0.045531064;0.014279539;0.527255124;9
813;3.454970069;0.096486607;-0.175338941;0.293701794;9
814;37.80080418;3.417643561;4.034008259;0.884045866;9
815;1.704569933;-0.060812514;0.431398007;0.734848014;9
816;29.81266412;2.659814082;1.361483519;0.741265666;9
817;-23.96937849;-2.588642397;-2.068141419;0.824776327;9
818;6.529148312;0.369795085;1.352370862;0.366649621;9
819;-30.54776279;-3.40883147;-2.196269081;0.579639123;9
820;15.66867881;1.397285245;1.494363401;0.618821718;9
821;42.87354391;3.973366019;6.091578411;0.1682509;9
822;11.67773492;0.87881657;-0.775769607;0.983372801;9
823;-7.135846116;-0.932778051;-1.301890739;0.428746496;9
824;-42.69725057;-4.45448447;-6.094482324;0.094550904;9
825;-2.021826008;-0.436181561;-0.440255868;0.538836824;9
826;22.01955587;1.861234356;2.222129867;0.658773021;9
827;6.708642552;0.473384464;-1.594695758;0.690028424;9
828;39.82989475;3.661546425;2.591363284;0.141344861;9
829;19.01546628;1.549531965;-0.149943941;0.004543888;9
830;-2.937066169;-0.52531378;-0.841449042;0.085343776;9
831;22.61126321;1.995708049;1.928487937;0.329607026;9
832;7.782428608;0.468576646;0.456017709;0.341721718;9
833;9.786926296;0.730739079;-0.697374492;0.649005302;9
834;14.51828609;1.220079851;0.131431926;0.201876141;9
835;-20.91464466;-2.283981494;-0.241989475;0.491712965;9
836;-22.29090582;-2.504673097;-2.76392098;0.245214613;9
837;23.77736378;2.116685508;2.566878983;0.532602611;9
838;28.81287171;2.61462319;2.150376923;0.005509263;9
839;-16.30023263;-1.916530773;-2.226119793;0.063223108;9
840;10.54886078;0.755346226;0.606354055;0.86604128;9
841;-1.328492843;-0.397278207;0.096612774;0.448181783;9
842;19.43357873;1.670869352;2.236081314;0.229418731;9
843;4.544944905;0.257438113;-2.934076535;0.148788813;9
844;26.59761211;2.40471303;0.722360718;0.812938216;9
845;10.52431994;0.770991486;1.886505606;0.753003497;9
846;2.739634945;0.04211945;-0.95068417;0.075021892;9
847;8.258883906;0.552958793;0.680563156;0.200022148;9
848;33.8239349;3.143417298;4.162631977;0.217045983;9
849;30.04981809;2.762540322;3.200750488;0.948353934;9
850;0.088478189;-0.154096994;0.241610272;0.287539819;9
851;-30.96610124;-3.334606348;-3.392091411;0.917895411;9
852;-33.81211646;-3.687017025;-2.0481117;0.37547193;9
853;34.11290086;3.117072118;3.922670669;0.182813419;9
854;-15.19678915;-1.798540058;-1.07408319;0.196641021;9
855;-30.42112321;-3.271803792;-2.289676503;0.306804964;9
856;12.22602862;1.0754961;1.50840453;0.945181751;9
857;-13.14170696;-1.481529589;-1.571462071;0.633036465;9
858;23.24195656;2.037117553;1.65993879;0.469466648;9
859;-33.530169;-3.656580251;-2.531465564;0.793494795;9
860;5.409540818;0.195175764;-0.35510907;0.435811352;9
861;31.78473637;2.917226669;4.098576401;0.064559598;9
862;8.544623022;0.544012669;2.162961876;0.521876173;9
863;-4.602203516;-0.730703286;0.295065849;0.651246139;9
864;22.80837586;2.018863751;2.121091923;0.845254658;9
865;-12.76040465;-1.564901579;-0.83418525;0.97680199;9
866;2.392314535;-0.001442913;-0.996677412;0.089006304;9
867;10.51968961;0.865807502;0.389725685;0.469372832;9
868;4.968471508;0.275683352;0.129482715;0.591172637;9
869;24.03865084;2.188990582;1.855488707;0.258794813;9
870;5.772349625;0.364769507;-0.486278233;0.360642481;9
871;20.09455115;1.785387076;1.264288165;0.927241303;9
872;15.35613061;1.258745927;0.692434865;0.884709301;9
873;11.43253896;0.939771095;-0.109894307;0.358344478;9
874;7.229556429;0.450509304;1.110012518;0.039056793;9
875;23.41695658;2.075354764;2.452397445;0.818578492;9
876;-30.56489844;-3.225460743;-3.562804471;0.415030706;9
877;-2.391724777;-0.499923263;0.175880342;0.614622886;9
878;13.17602519;0.954615441;0.670553296;0.79738828;9
879;6.349581532;0.356345211;-1.690596165;0.319710718;9
880;17.96591556;1.579958269;2.054987239;0.422344815;9
881;-32.11569057;-3.440988432;-2.210011011;0.022503457;9
882;-21.58207167;-2.313894758;-2.873507432;0.962560732;9
883;8.445120803;0.635700705;2.498339968;0.454676437;9
884;5.368134591;0.328728635;-0.002623816;0.591515948;9
885;2.283993054;0.031773522;0.023452371;0.917023945;9
886;-9.306762768;-1.219510806;0.393372771;0.993425384;9
887;8.975339722;0.65747429;1.296129447;0.427597863;9
888;9.51296545;0.627577661;4.22281836;0.109461328;9
889;-2.209746616;-0.46449275;-1.937798684;0.842997709;9
890;7.948339938;0.550587704;1.218733981;0.396834682;9
891;-10.96108758;-1.355023715;0.611686699;0.015667221;9
892;24.24679359;2.212491907;0.836845365;0.162825697;9
893;23.93058456;2.041436053;3.973588414;0.844356783;9
894;0.955892285;-0.238732537;-0.66844005;0.032527772;9
895;6.905462408;0.462018957;1.251902111;0.871994726;9
896;19.94837135;1.795811863;2.138654995;0.972233383;9
897;37.79485559;3.484745287;2.733101025;0.788191024;9
898;-0.223878672;-0.309684344;-0.728592278;0.881277179;9
899;-10.04635692;-1.151378329;-0.275765226;0.466004642;9
900;-41.01846781;-4.391708012;-4.104187002;0.649952207;9
901;-17.73317381;-1.891959834;-4.848923712;0.062280663;10
902;17.43682873;1.487238709;-0.330383107;0.42883724;10
903;-41.87487101;-4.373780181;-4.608189886;0.72371275;10
904;-3.049401104;-0.531412226;-0.704994409;0.368418497;10
905;0.61696411;-0.154425499;0.022346164;0.342605104;10
906;11.67890651;0.791934066;2.280368355;0.686768038;10
907;5.97617524;0.296239287;1.850981472;0.142726437;10
908;43.76361625;4.177987514;4.685018911;0.340487736;10
909;-29.81880043;-3.3033516;-2.333070709;0.179921897;10
910;13.18469873;1.052351828;0.386092477;0.188417618;10
911;5.051036021;0.275844636;0.733410689;0.308800064;10
912;20.90726138;1.894923729;2.750235893;0.074358026;10
913;-19.53488019;-2.216189245;-0.176218552;0.145203548;10
914;16.81802597;1.299616491;1.061250159;0.67715189;10
915;3.197744136;0.002998693;0.331220603;0.437129675;10
916;12.30671654;0.963856559;1.650845652;0.291290866;10
917;-35.07167839;-3.777712324;-3.227461065;0.900859525;10
918;-13.2001579;-1.584448927;-3.045931134;0.691861429;10
919;42.00495479;3.877713479;2.923249969;0.640732419;10
920;-0.800683475;-0.253125832;-1.165881948;0.987587223;10
921;9.995789367;0.733455672;1.911208179;0.053836538;10
922;0.704848475;-0.168327494;0.501076362;0.493343367;10
923;-26.18632747;-2.7851811;-2.786455381;0.019903335;10
924;-6.313251322;-0.863858527;-0.289859814;0.329846197;10
925;-31.36888971;-3.303594124;-3.220764332;0.397284199;10
926;14.63374941;1.266644659;0.443061472;0.41327463;10
927;16.827525;1.453687235;0.432525869;0.361017722;10
928;-6.325684397;-0.909092049;-0.25077002;0.245624726;10
929;-6.278866064;-0.810514017;-0.2227412;0.011512739;10
930;16.32285086;1.318413237;0.496638201;0.465545154;10
931;-15.49433512;-1.841608519;-2.810166531;0.441068742;10
932;-51.88396243;-5.420399807;-5.405558589;0.140335291;10
933;-21.24031763;-2.286613291;-2.737203498;0.831177258;10
934;-10.00702404;-1.254148089;-1.184771495;0.835327094;10
935;12.60216766;1.061183687;1.096718698;0.398725965;10
936;-13.62836032;-1.61230485;-1.731790659;0.359883617;10
937;-40.47479019;-4.288515385;-4.839095718;0.07068839;10
938;2.945772498;-0.045912957;0.311852046;0.059360723;10
939;-21.70401324;-2.342175117;-2.194107062;0.871921144;10
940;3.858524139;0.13565184;-0.852204062;0.962152976;10
941;-4.475795423;-0.824562595;-0.801623451;0.053417344;10
942;9.930686265;0.668725757;-0.408637054;0.594050754;10
943;12.59802908;1.089753675;1.71584221;0.712404775;10
944;-9.495228498;-1.134698955;-1.310085373;0.082974672;10
945;35.39784502;3.219876225;5.723137654;0.901552744;10
946;-2.560354106;-0.504998736;-0.398865262;0.454153124;10
947;5.056758053;0.289500588;1.063353519;0.970300901;10
948;19.45158041;1.727284901;0.382549709;0.395972623;10
949;17.624059;1.587767795;2.150985903;0.778328043;10
950;-36.55355222;-3.952075361;-3.365734819;0.39496043;10
951;26.6575246;2.487459728;1.642850775;0.5733429;10
952;-19.69663433;-2.300103413;-0.199466169;0.25468063;10
953;-34.59901204;-3.671409696;-5.119989063;0.825098682;10
954;27.58415818;2.419815386;3.751599076;0.967089317;10
955;7.832521555;0.546682069;0.793711982;0.817412262;10
956;-6.900878834;-0.993205012;-3.148867146;0.561825867;10
957;-11.64050055;-1.366001126;-0.432194216;0.559650417;10
958;26.05598066;2.443195644;3.297843515;0.191000991;10
959;-9.452523073;-1.179927856;-1.741087716;0.81276704;10
960;-25.88222223;-2.777618081;-1.72611737;0.663110742;10
961;17.75011629;1.531455251;2.717789913;0.52546553;10
962;15.52856379;1.239170841;2.343056627;0.830314469;10
963;7.527847427;0.556943174;1.60712642;0.274958339;10
964;-11.91886724;-1.39180905;0.079542409;0.687478068;10
965;24.43367223;2.181106142;-0.18200828;0.614054532;10
966;-26.32144513;-2.867200028;-3.781838866;0.637431434;10
967;24.46065282;2.186276494;2.202636298;0.03870183;10
968;-37.64507853;-4.004748049;-4.198476127;0.521373674;10
969;-5.742467068;-0.841534983;-2.6094063;0.996226488;10
970;3.407444975;0.052606513;0.917572047;0.187529289;10
971;-7.231269873;-0.988409442;-1.230405712;0.848049609;10
972;-17.50425629;-1.996164399;-1.441865932;0.177793272;10
973;4.253696097;0.14222302;-0.184061699;0.873964996;10
974;-1.816789407;-0.368139513;1.296878296;0.95120879;10
975;-1.26294614;-0.395506948;-0.566424772;0.377317491;10
976;-17.89921509;-2.124583896;-1.052738235;0.546595108;10
977;39.11820169;3.624058767;3.308619026;0.413099811;10
978;-15.90677221;-1.831580011;-2.713240078;0.906706457;10
979;15.57800976;1.252694142;2.009123453;0.820247987;10
980;-3.402314046;-0.515422895;-1.761834514;0.157264186;10
981;18.05733694;1.484098965;2.126600168;0.777355299;10
982;13.80164902;1.178714458;2.291751072;0.209125776;10
983;12.71417075;0.992583981;0.285619189;0.893856567;10
984;-41.10769061;-4.231077914;-4.630536809;0.041086101;10
985;11.0153669;0.802714899;0.065936122;0.279491597;10
986;17.22175794;1.489062998;1.953078506;0.804708516;10
987;-16.43208708;-1.863423224;-1.661258948;0.349388693;10
988;-2.508424052;-0.415600341;-0.458388526;0.817759398;10
989;24.18536436;2.083868689;0.656072382;0.651048645;10
990;13.89055316;1.25497411;1.028911338;0.391109889;10
991;-5.145376558;-0.812833947;-1.188169989;0.888040857;10
992;-3.332714673;-0.569836395;-1.919190627;0.425981753;10
993;-2.923622437;-0.544875229;-0.09012145;0.35191839;10
994;20.99458009;1.80099207;1.385274087;0.014121808;10
995;18.59828531;1.621856126;0.699585533;0.398511654;10
996;-17.64750362;-1.988401086;-2.084951078;0.571292553;10
997;0.176867985;-0.182073623;-0.176364035;0.580743451;10
998;-15.92920763;-1.827597719;-2.653967797;0.345123563;10
999;21.39829487;1.840288145;1.991249408;0.099460546;10
1000;-2.461716557;-0.513782995;-1.641487336;0.233717868;10
